,min,max
HRV_CVNN,0.031142447779461603,0.7720641855687677
HRV_CVSD,0.029743246511798795,1.0553769101744257
HRV_HF,0.0011941118593541235,0.1995149566817903
HRV_HFn,0.09215659347065729,0.9418703495182879
HRV_HTI,4.619047619047619,32.8
HRV_IQRNN,24.0,394.0
HRV_LF,0.0003660137168590199,0.08501000168760403
HRV_LFHF,0.012312220118241598,7.081702988570167
HRV_LFn,0.00965525613080213,0.838696929912915
HRV_LnHF,-6.730352583848658,-1.61186607462635
HRV_MCVNN,0.025416,0.4236
HRV_MadNN,17.7912,296.52
HRV_MaxNN,632.0,5560.0
HRV_MeanNN,537.4545454545455,1012.6896551724138
HRV_MedianNN,468.0,1048.0
HRV_MinNN,312.0,800.0
HRV_Prc20NN,384.0,942.4
HRV_Prc80NN,579.2,1096.0
HRV_RMSSD,17.220756529419507,895.8161576100836
HRV_SDNN,22.64094401033253,655.3370321795882
HRV_SDRMSSD,0.587515557960032,2.2164320304349463
HRV_SDSD,17.300054369513376,902.469588036623
HRV_TINN,0.0,734.375
HRV_TP,0.0024804656080963062,0.3141622934445808
HRV_VHF,8.804074286358098e-05,0.08030911615909381
HRV_pNN20,18.75,98.79518072289156
HRV_pNN50,0.0,94.44444444444444
